{
  "timesteps": [
    1000,
    2000,
    3000,
    4000,
    5000,
    6000,
    7000,
    8000,
    9000,
    10000,
    11000,
    12000,
    13000,
    14000,
    15000,
    16000,
    17000,
    18000,
    19000,
    20000,
    21000,
    22000,
    23000,
    24000,
    25000,
    26000,
    27000,
    28000,
    29000,
    30000,
    31000,
    32000,
    33000,
    34000,
    35000,
    36000,
    37000,
    38000,
    39000,
    40000,
    41000
  ],
  "mean_reward": [
    57.039886474609375,
    58.92708969116211,
    47.79204177856445,
    51.62529373168945,
    53.9044189453125,
    47.75298309326172,
    41.901248931884766,
    41.67269515991211,
    46.223609924316406,
    50.816871643066406,
    45.93380355834961,
    44.278282165527344,
    46.58761215209961,
    41.61806106567383,
    42.9913444519043,
    46.64728546142578,
    48.579776763916016,
    42.589962005615234,
    37.53356170654297,
    37.46326446533203,
    34.85588073730469,
    43.9991455078125,
    32.51021194458008,
    27.374521255493164,
    30.622821807861328,
    39.61174774169922,
    40.11140060424805,
    41.95503234863281,
    39.49200439453125,
    31.395923614501953,
    28.9029598236084,
    33.27292251586914,
    40.578678131103516,
    35.61252212524414,
    40.101200103759766,
    42.759666442871094,
    43.552467346191406,
    52.374019622802734,
    35.889984130859375,
    52.163204193115234,
    55.47157287597656
  ],
  "std_reward": [
    81.6820068359375,
    71.92138671875,
    67.71822357177734,
    62.60423278808594,
    79.69767761230469,
    62.15571212768555,
    57.23000717163086,
    61.51875305175781,
    69.50250244140625,
    65.66014099121094,
    60.59230422973633,
    66.08454132080078,
    77.51773071289062,
    58.28707504272461,
    80.62000274658203,
    61.33687973022461,
    77.48600006103516,
    54.93773651123047,
    51.03966522216797,
    52.86521911621094,
    54.985721588134766,
    63.11748504638672,
    53.548072814941406,
    30.614599227905273,
    49.426265716552734,
    59.85533142089844,
    67.40364837646484,
    60.47004318237305,
    53.39935302734375,
    34.410499572753906,
    33.99822998046875,
    37.888404846191406,
    57.12816619873047,
    53.647891998291016,
    40.91950607299805,
    61.22745895385742,
    63.08628845214844,
    74.5716552734375,
    60.9151725769043,
    77.6192855834961,
    70.60614013671875
  ],
  "mean_length": [
    459.12,
    489.8,
    482.2,
    484.68,
    462.72,
    478.2,
    491.24,
    479.68,
    469.32,
    472.48,
    479.08,
    474.0,
    455.6,
    477.76,
    460.76,
    479.8,
    461.04,
    489.6,
    487.68,
    494.64,
    497.24,
    475.8,
    496.2,
    500.0,
    486.4,
    488.24,
    486.96,
    484.68,
    488.92,
    500.0,
    500.0,
    500.0,
    494.2,
    493.52,
    500.0,
    497.4,
    487.96,
    480.36,
    482.76,
    489.56,
    482.72
  ],
  "episodes": [
    100,
    100,
    100,
    100,
    100,
    100,
    100,
    100,
    100,
    100,
    100,
    100,
    100,
    100,
    100,
    100,
    100,
    100,
    100,
    100,
    100,
    100,
    100,
    100,
    100,
    100,
    100,
    100,
    100,
    100,
    100,
    100,
    100,
    100,
    100,
    100,
    100,
    100,
    100,
    100,
    100
  ]
}