{
  "timesteps": [
    1000,
    2000,
    3000,
    4000,
    5000,
    6000,
    7000,
    8000,
    9000,
    10000,
    11000,
    12000,
    13000,
    14000,
    15000,
    16000,
    17000,
    18000,
    19000,
    20000,
    21000,
    22000,
    23000,
    24000,
    25000,
    26000,
    27000,
    28000,
    29000,
    30000,
    31000,
    32000,
    33000,
    34000,
    35000,
    36000,
    37000,
    38000,
    39000,
    40000,
    41000,
    42000,
    43000,
    44000,
    45000,
    46000,
    47000,
    48000,
    49000,
    50000,
    51000,
    52000,
    53000,
    54000,
    55000,
    56000,
    57000,
    58000,
    59000,
    60000,
    61000,
    62000,
    63000,
    64000,
    65000,
    66000,
    67000,
    68000,
    69000,
    70000,
    71000,
    72000,
    73000,
    74000,
    75000,
    76000,
    77000,
    78000,
    79000,
    80000,
    81000,
    82000,
    83000,
    84000,
    85000,
    86000,
    87000,
    88000,
    89000,
    90000,
    91000,
    92000,
    93000,
    94000,
    95000,
    96000,
    97000,
    98000,
    99000,
    100000,
    101000,
    102000,
    103000,
    104000,
    105000,
    106000,
    107000,
    108000,
    109000,
    110000,
    111000,
    112000,
    113000,
    114000,
    115000,
    116000,
    117000,
    118000,
    119000,
    120000,
    121000,
    122000,
    123000,
    124000,
    125000,
    126000,
    127000,
    128000,
    129000,
    130000,
    131000,
    132000,
    133000,
    134000,
    135000,
    136000,
    137000,
    138000,
    139000,
    140000,
    141000,
    142000,
    143000,
    144000,
    145000,
    146000,
    147000,
    148000,
    149000,
    150000,
    151000,
    152000,
    153000,
    154000,
    155000,
    156000,
    157000,
    158000,
    159000,
    160000,
    161000,
    162000,
    163000,
    164000,
    165000,
    166000,
    167000,
    168000,
    169000,
    170000,
    171000,
    172000,
    173000,
    174000,
    175000,
    176000,
    177000,
    178000,
    179000,
    180000,
    181000,
    182000,
    183000,
    184000,
    185000,
    186000,
    187000,
    188000,
    189000,
    190000,
    191000,
    192000,
    193000,
    194000,
    195000,
    196000,
    197000,
    198000,
    199000,
    200000,
    201000,
    202000,
    203000,
    204000,
    205000,
    206000,
    207000,
    208000
  ],
  "mean_reward": [
    105.6917495727539,
    97.0255355834961,
    98.2861328125,
    99.98514556884766,
    99.41267395019531,
    93.77333068847656,
    100.6092300415039,
    91.85233306884766,
    92.51380920410156,
    94.99897766113281,
    92.92851257324219,
    88.94035339355469,
    94.50518798828125,
    97.98417663574219,
    93.32752990722656,
    101.7785873413086,
    92.19966125488281,
    93.61011505126953,
    92.90296936035156,
    93.59339141845703,
    89.9111099243164,
    93.35093688964844,
    83.72425842285156,
    94.99763488769531,
    98.23396301269531,
    91.87210845947266,
    100.18285369873047,
    105.91836547851562,
    101.380615234375,
    100.70765686035156,
    101.12014770507812,
    94.27193450927734,
    97.50054931640625,
    96.76795959472656,
    96.358642578125,
    95.58866882324219,
    92.30961608886719,
    93.04841613769531,
    89.24034881591797,
    91.76360321044922,
    88.87702941894531,
    100.96582794189453,
    102.52873229980469,
    91.58908081054688,
    97.02967071533203,
    94.68391418457031,
    89.62715148925781,
    94.52085876464844,
    98.52737426757812,
    92.82080841064453,
    96.09394836425781,
    96.18077087402344,
    100.21246337890625,
    95.61943054199219,
    99.10672760009766,
    99.89112091064453,
    107.63490295410156,
    106.15122985839844,
    100.08692169189453,
    96.8091049194336,
    99.3267593383789,
    95.04407501220703,
    94.91444396972656,
    91.2257308959961,
    94.91387939453125,
    100.42340850830078,
    98.22185516357422,
    99.2334213256836,
    103.44464874267578,
    109.62618255615234,
    96.88661193847656,
    97.56214141845703,
    108.72470092773438,
    92.70768737792969,
    97.03605651855469,
    91.004638671875,
    88.85482788085938,
    90.57382202148438,
    91.01932525634766,
    110.20487213134766,
    92.707763671875,
    86.56938171386719,
    86.43135833740234,
    92.35997772216797,
    91.86144256591797,
    99.7027816772461,
    94.89965057373047,
    92.45127868652344,
    93.1800308227539,
    92.6095962524414,
    92.71892547607422,
    93.32344818115234,
    105.40498352050781,
    92.65637969970703,
    85.52850341796875,
    91.88448333740234,
    97.79431915283203,
    95.81314086914062,
    101.45142364501953,
    92.15279388427734,
    96.25827026367188,
    97.99183654785156,
    104.65178680419922,
    101.05108642578125,
    84.89242553710938,
    96.92697143554688,
    90.37718963623047,
    89.99153137207031,
    94.64938354492188,
    105.30931854248047,
    88.3039321899414,
    85.97303009033203,
    93.74254608154297,
    96.74703216552734,
    91.92367553710938,
    93.0888442993164,
    89.0806655883789,
    97.0526351928711,
    93.91968536376953,
    86.7501449584961,
    104.62881469726562,
    96.52847290039062,
    91.6025390625,
    90.47235107421875,
    91.53996276855469,
    93.23309326171875,
    94.09194946289062,
    91.64839172363281,
    95.38982391357422,
    93.39083862304688,
    95.12069702148438,
    98.16769409179688,
    93.87200164794922,
    104.28162384033203,
    95.97744750976562,
    88.96319580078125,
    91.30692291259766,
    95.47933959960938,
    94.79376220703125,
    93.81107330322266,
    95.63935852050781,
    98.4565200805664,
    95.1116714477539,
    93.12126922607422,
    87.99957275390625,
    96.60742950439453,
    93.63978576660156,
    95.7976303100586,
    99.1962661743164,
    101.68218994140625,
    94.43468475341797,
    94.08928680419922,
    99.5061264038086,
    98.82816314697266,
    96.00373840332031,
    103.67646789550781,
    105.55514526367188,
    99.17666625976562,
    97.11419677734375,
    99.98302459716797,
    96.05154418945312,
    100.31977844238281,
    101.83234405517578,
    109.3431167602539,
    102.3150405883789,
    95.55197143554688,
    97.32840728759766,
    102.49421691894531,
    102.62151336669922,
    112.49253845214844,
    106.0931167602539,
    102.8132553100586,
    101.73062133789062,
    108.57068634033203,
    109.18733215332031,
    104.43756866455078,
    106.2001724243164,
    97.75183868408203,
    110.67012786865234,
    97.20672607421875,
    109.55532836914062,
    104.97866821289062,
    105.51607513427734,
    101.10045623779297,
    108.60543060302734,
    100.76384735107422,
    112.99041748046875,
    102.03274536132812,
    111.76699829101562,
    114.26258850097656,
    107.0107192993164,
    108.75482177734375,
    106.91567993164062,
    108.55126190185547,
    101.30754089355469,
    106.08944702148438,
    108.8316421508789,
    109.24005126953125,
    110.52191162109375,
    114.19657135009766,
    107.218017578125,
    112.63203430175781,
    107.40983581542969,
    110.82875061035156,
    105.79217529296875,
    100.5550765991211,
    111.05783081054688,
    107.81884765625
  ],