{
  "timesteps": [
    1000,
    2000,
    3000,
    4000,
    5000,
    6000,
    7000,
    8000,
    9000,
    10000,
    11000,
    12000,
    13000,
    14000,
    15000,
    16000,
    17000,
    18000,
    19000,
    20000,
    21000,
    22000,
    23000
  ],
  "mean_reward": [
    -7.262739658355713,
    -7.602046489715576,
    -7.2814741134643555,
    -6.897913932800293,
    -6.009331703186035,
    -5.445860385894775,
    -5.314314365386963,
    -5.029056072235107,
    -4.838512420654297,
    -4.667609691619873,
    -4.530770778656006,
    -4.383382797241211,
    -4.223721027374268,
    -3.8744750022888184,
    -3.7251851558685303,
    -3.5612993240356445,
    -2.296293258666992,
    -2.322394371032715,
    -2.057065486907959,
    -2.111583948135376,
    3.438277244567871,
    3.8258960247039795,
    17.071226119995117
  ],
  "std_reward": [
    0.4203491806983948,
    1.1381158828735352,
    1.6582664251327515,
    1.4304100275039673,
    0.8837462663650513,
    0.23415488004684448,
    0.5115728378295898,
    0.34642940759658813,
    0.21808916330337524,
    0.457520991563797,
    0.3034374713897705,
    0.2454489916563034,
    0.526496171951294,
    0.48522454500198364,
    0.3755112886428833,
    0.6755315065383911,
    8.024998664855957,
    8.25899600982666,
    8.24563980102539,
    8.285305976867676,
    19.221752166748047,
    19.176143646240234,
    29.43818473815918
  ],
  "mean_length": [
    500.0,
    500.0,
    500.0,
    500.0,
    500.0,
    500.0,
    500.0,
    500.0,
    500.0,
    500.0,
    500.0,
    500.0,
    500.0,
    500.0,
    500.0,
    500.0,
    500.0,
    500.0,
    500.0,
    500.0,
    500.0,
    500.0,
    500.0
  ],
  "episodes": [
    48,
    100,
    100,
    100,
    100,
    100,
    100,
    100,
    100,
    100,
    100,
    100,
    100,
    100,
    100,
    100,
    100,
    100,
    100,
    100,
    100,
    100,
    100
  ]
}