{
  "timesteps": [
    1000,
    2000,
    3000,
    4000,
    5000,
    6000,
    7000,
    8000,
    9000,
    10000,
    11000,
    12000,
    13000,
    14000,
    15000,
    16000,
    17000,
    18000,
    19000,
    20000,
    21000,
    22000,
    23000,
    24000,
    25000,
    26000,
    27000,
    28000,
    29000,
    30000,
    31000,
    32000,
    33000,
    34000,
    35000,
    36000,
    37000,
    38000,
    39000,
    40000,
    41000,
    42000,
    43000,
    44000,
    45000,
    46000,
    47000,
    48000,
    49000,
    50000,
    51000,
    52000,
    53000,
    54000,
    55000,
    56000,
    57000,
    58000,
    59000,
    60000,
    61000,
    62000,
    63000
  ],
  "mean_reward": [
    -5.000019550323486,
    -5.000019550323486,
    -4.935019493103027,
    -4.610017776489258,
    -3.986015558242798,
    -2.946010112762451,
    -2.5950074195861816,
    -2.1660032272338867,
    -2.6990039348602295,
    -2.93300724029541,
    -3.6220104694366455,
    -3.64801025390625,
    -1.9190069437026978,
    -0.5150051712989807,
    -0.7100073099136353,
    1.3049867153167725,
    1.6819881200790405,
    3.3979904651641846,
    4.2039875984191895,
    6.1409759521484375,
    6.426977157592773,
    6.543975830078125,
    7.427968978881836,
    8.064961433410645,
    8.051962852478027,
    8.883959770202637,
    7.817967414855957,
    8.922959327697754,
    10.31395149230957,
    10.339947700500488,
    9.02695369720459,
    9.31295108795166,
    9.078951835632324,
    9.455949783325195,
    9.169955253601074,
    9.013952255249023,
    9.338950157165527,
    9.637950897216797,
    10.69094467163086,
    10.092947006225586,
    8.870948791503906,
    9.429945945739746,
    9.533946990966797,
    9.75494384765625,
    10.170943260192871,
    11.574934959411621,
    11.2239351272583,
    10.768935203552246,
    10.027942657470703,
    9.104945182800293,
    9.403944969177246,
    9.377942085266113,
    9.585939407348633,
    8.935944557189941,
    9.078946113586426,
    9.468942642211914,
    10.677936553955078,
    10.014941215515137,
    10.352940559387207,
    10.443940162658691,
    9.845939636230469,
    10.313939094543457,
    11.21093463897705
  ],
  "std_reward": [
    0.0,
    0.0,
    0.5179535746574402,
    1.0751311779022217,
    2.1987786293029785,
    2.4723503589630127,
    2.5334770679473877,
    2.540407180786133,
    2.1784236431121826,
    2.3811440467834473,
    1.956923484802246,
    1.8831168413162231,
    3.387410879135132,
    3.877631902694702,
    4.161832809448242,
    5.477621078491211,
    5.458274841308594,
    4.768965721130371,
    4.5208420753479,
    5.4609270095825195,
    5.226958751678467,
    4.719261169433594,
    5.501412391662598,
    4.411787033081055,
    4.290488243103027,
    4.549012660980225,
    4.460228443145752,
    4.924520492553711,
    4.945054531097412,
    5.081137180328369,
    4.873305797576904,
    4.794674396514893,
    4.5207600593566895,
    4.525382041931152,
    4.736462593078613,
    4.5670166015625,
    4.727810382843018,
    4.692734718322754,
    4.935321807861328,
    4.7241997718811035,
    4.657585144042969,
    4.8690385818481445,
    4.477847099304199,
    4.459096908569336,
    5.078357219696045,
    5.595790863037109,
    5.137105464935303,
    4.5687432289123535,
    4.32891321182251,
    4.3749237060546875,
    5.13205623626709,
    4.782444000244141,
    4.734455585479736,
    4.784656047821045,
    4.67614221572876,
    5.158405780792236,
    5.530577659606934,
    5.337815284729004,
    5.886428356170654,
    5.593501091003418,
    5.481213569641113,
    5.64359712600708,
    5.6367340087890625
  ],
  "episodes": [
    32,
    96,
    100,
    100,
    100,
    100,
    100,
    100,
    100,
    100,
    100,
    100,
    100,
    100,
    100,
    100,
    100,
    100,
    100,
    100,
    100,
    100,
    100,
    100,
    100,
    100,
    100,
    100,
    100,
    100,
    100,
    100,
    100,
    100,
    100,
    100,
    100,
    100,
    100,
    100,
    100,
    100,
    100,
    100,
    100,
    100,
    100,
    100,
    100,
    100,
    100,
    100,
    100,
    100,
    100,
    100,
    100,
    100,
    100,
    100,
    100,
    100,
    100
  ]
}