{
  "timesteps": [
    1000,
    2000,
    3000,
    4000,
    5000,
    6000,
    7000,
    8000,
    9000,
    10000,
    11000,
    12000,
    13000,
    14000,
    15000,
    16000,
    17000,
    18000,
    19000,
    20000,
    21000,
    22000,
    23000,
    24000,
    25000,
    26000,
    27000,
    28000,
    29000,
    30000,
    31000,
    32000,
    33000,
    34000,
    35000,
    36000,
    37000,
    38000,
    39000,
    40000,
    41000,
    42000,
    43000,
    44000,
    45000,
    46000,
    47000,
    48000,
    49000,
    50000,
    51000,
    52000,
    53000,
    54000,
    55000,
    56000,
    57000,
    58000,
    59000,
    60000,
    61000,
    62000,
    63000,
    64000,
    65000,
    66000,
    67000,
    68000,
    69000,
    70000,
    71000,
    72000,
    73000,
    74000,
    75000,
    76000,
    77000,
    78000,
    79000,
    80000,
    81000,
    82000,
    83000,
    84000,
    85000,
    86000,
    87000,
    88000,
    89000,
    90000,
    91000,
    92000,
    93000,
    94000,
    95000,
    96000,
    97000,
    98000,
    99000,
    100000,
    101000,
    102000,
    103000,
    104000
  ],
  "mean_reward": [
    95.3637466430664,
    94.53559875488281,
    92.95939636230469,
    98.11592102050781,
    95.81063842773438,
    97.62876892089844,
    85.20130157470703,
    91.93095397949219,
    94.4863510131836,
    88.73307800292969,
    90.48186492919922,
    79.53270721435547,
    92.29756927490234,
    91.8935546875,
    92.97962951660156,
    97.41757202148438,
    99.96257019042969,
    98.89083099365234,
    82.71566772460938,
    77.32858276367188,
    88.88398742675781,
    96.55077362060547,
    90.99818420410156,
    89.07579040527344,
    87.21688842773438,
    79.87100219726562,
    93.5280532836914,
    86.64258575439453,
    91.6443099975586,
    95.50348663330078,
    85.02867889404297,
    88.46614074707031,
    93.99322509765625,
    94.4745101928711,
    90.03242492675781,
    93.11489868164062,
    84.7398910522461,
    92.155029296875,
    97.97311401367188,
    80.51217651367188,
    80.58232116699219,
    95.06095886230469,
    90.7954330444336,
    87.71375274658203,
    88.80353546142578,
    88.5688247680664,
    77.95153045654297,
    76.62389373779297,
    91.03933715820312,
    84.05684661865234,
    87.42115020751953,
    87.29850769042969,
    90.4799575805664,
    80.59780883789062,
    81.7908706665039,
    92.7527847290039,
    91.06085968017578,
    92.65853881835938,
    86.36156463623047,
    94.28348541259766,
    84.65555572509766,
    96.21237182617188,
    79.46086120605469,
    83.96965026855469,
    85.75756072998047,
    88.3860855102539,
    83.04802703857422,
    88.759521484375,
    89.07795715332031,
    94.60116577148438,
    92.91152954101562,
    91.7594223022461,
    82.93243408203125,
    83.76653289794922,
    83.46527099609375,
    93.12820434570312,
    80.41372680664062,
    70.11564636230469,
    85.63025665283203,
    88.4103012084961,
    81.3166732788086,
    87.03099822998047,
    93.50775146484375,
    92.73036193847656,
    94.42058563232422,
    94.49968719482422,
    83.3073959350586,
    90.2228775024414,
    91.65872192382812,
    87.51545715332031,
    94.58655548095703,
    89.29016876220703,
    90.57391357421875,
    86.25869750976562,
    85.8472671508789,
    93.10806274414062,
    88.24697875976562,
    87.46369171142578,
    93.36714172363281,
    97.65133666992188,
    98.5956039428711,
    94.43902587890625,
    85.7361831665039,
    95.46662139892578
  ],
  "std_reward": [
    106.36431121826172,
    99.5551986694336,
    103.8360366821289,
    114.46501922607422,
    106.19168090820312,
    94.47264862060547,
    89.2154312133789,
    109.47532653808594,
    93.79705047607422,
    88.19427490234375,
    99.45362091064453,
    89.90386199951172,
    104.01771545410156,
    96.16548156738281,
    94.56725311279297,
    109.281005859375,
    99.69084167480469,
    98.25607299804688,
    90.45438385009766,
    79.53629302978516,
    91.80585479736328,
    107.36487579345703,
    89.94375610351562,
    109.71707153320312,
    99.72903442382812,
    86.34845733642578,
    93.23258209228516,
    98.72669982910156,
    98.71124267578125,
    99.10193634033203,
    99.35831451416016,
    90.1941146850586,
    99.5920639038086,
    95.60404205322266,
    88.77790069580078,
    103.3116683959961,
    83.31842041015625,
    101.60762786865234,
    93.95213317871094,
    83.15469360351562,
    88.09442901611328,
    99.26786804199219,
    102.43682098388672,
    94.28115844726562,
    101.83211517333984,
    105.87081909179688,
    93.28968048095703,
    76.15319061279297,
    93.913330078125,
    84.42542266845703,
    91.56742095947266,
    98.61753845214844,
    93.86415100097656,
    93.3053207397461,
    76.19505310058594,
    97.63528442382812,
    89.23095703125,
    94.35159301757812,
    95.8050765991211,
    84.22505950927734,
    80.14134979248047,
    100.75672912597656,
    89.53176879882812,
    85.79739379882812,
    98.01200103759766,
    99.94342041015625,
    84.42298126220703,
    88.76346588134766,
    98.07061004638672,
    99.32028198242188,
    86.00874328613281,
    72.55973815917969,
    80.76173400878906,
    93.96305084228516,
    95.42323303222656,
    92.71809387207031,
    79.81063079833984,
    78.93196868896484,
    82.9976806640625,
    93.66268920898438,
    86.376220703125,
    84.73529815673828,
    85.23489379882812,
    86.82059478759766,
    101.04454803466797,
    102.9074478149414,
    79.12955474853516,
    93.18318176269531,
    86.52073669433594,
    86.80528259277344,
    90.85563659667969,
    89.69827270507812,
    91.34379577636719,
    95.09099578857422,
    101.90679931640625,
    103.7630615234375,
    84.98564910888672,
    94.3344497680664,
    87.2702865600586,
    103.25322723388672,
    91.38407135009766,
    99.34747314453125,
    84.59253692626953,
    104.13163757324219
  ],
  "mean_length": [
    349.12,
    391.92,
    358.68,
    346.96,
    380.56,
    428.92,
    417.32,
    383.84,
    414.4,
    397.4,
    396.36,
    433.52,
    366.24,
    402.28,
    403.24,
    365.68,
    402.6,
    400.36,
    408.0,
    428.16,
    407.4,
    370.8,
    439.56,
    361.6,
    394.84,
    419.0,
    422.92,
    406.6,
    406.32,
    401.36,
    421.56,
    424.4,
    383.92,
    413.56,
    445.84,
    382.92,
    453.0,
    380.08,
    450.52,
    453.28,
    423.44,
    416.64,
    392.4,
    410.84,
    380.4,
    376.2,
    402.28,
    442.2,
    408.96,
    440.36,
    403.16,
    376.56,
    412.0,
    414.76,
    438.36,
    396.08,
    421.12,
    422.48,
    423.6,
    438.68,
    438.84,
    399.64,
    413.8,
    445.08,
    401.68,
    381.92,
    428.48,
    439.96,
    419.88,
    418.44,
    429.92,
    476.8,
    442.64,
    412.68,
    392.24,
    408.88,
    464.96,
    459.04,
    442.4,
    427.4,
    439.32,
    428.36,
    437.96,
    431.28,
    416.24,
    402.36,
    453.44,
    408.16,
    436.44,
    435.68,
    434.68,
    418.92,
    420.16,
    418.24,
    401.52,
    398.72,
    427.72,
    405.8,
    443.84,
    402.56,
    424.04,
    401.64,
    430.8,
    400.28
  ],